{"lr": 0.006666666666666666, "data_time": 0.1570611572265625, "grad_norm": 18.699188907146453, "loss": 1.434638010263443, "loss_rpn_cls": 0.25426016464829443, "loss_rpn_bbox": 0.01646353043615818, "loss_cls": 0.1190388572216034, "acc": 98.33984375, "loss_bbox": 0.0437845413852483, "loss_mask": 1.0010909271240234, "time": 0.7119044208526611, "epoch": 1, "iter": 50, "memory": 6295, "step": 50}
{"coco/segm_mAP": 0.002, "coco/segm_mAP_50": 0.01, "coco/segm_mAP_75": 0.0, "coco/segm_mAP_s": 0.0, "coco/segm_mAP_m": 0.0, "coco/segm_mAP_l": 0.003, "data_time": 0.026523497104644776, "time": 0.30386981725692747, "step": 1}
